<?xml version="1.0" encoding="UTF-8" standalone="yes"?>
<addon id="repository.amirrammari" name="AmirAmmari Repo" version="1.0.0" provider-name="Amir Ammari">
  <extension point="xbmc.addon.repository" name="AmirAmmari Repo">
      <info compressed="true">https://raw.githubusercontent.com/amirrammari/Kodi-Addons/master/addons.xml.gz</info>
      <checksum>https://raw.githubusercontent.com/amirrammari/Kodi-Addons/master/addons.xml.gz.md5</checksum>
      <datadir zip="true">https://raw.githubusercontent.com/amirrammari/Kodi-Addons/master/</datadir>
  </extension>
  <extension point="xbmc.addon.metadata">
      <summary>Install AmirAmmari Addons</summary>
      <description>Download and install AmirAmmari addons</description>
      <platform>all</platform>
  </extension>
</addon>
