﻿<?xml version="1.0" encoding="UTF-8"?>
<addon id="plugin.program.simplenote" name="Simplenote" version="1.0" provider-name="Amir Ammari">
  <requires>
    <import addon="xbmc.python" version="2.25.0"/>
  </requires>
    <extension point="xbmc.python.pluginsource" library="addon.py">
        <provides>executable</provides>
    </extension>
  <extension point="xbmc.addon.metadata">
    <summary lang="en_GB">Plugin for Simplenote</summary>
    <description lang="en_GB">Simplenote is a media company with one of the largest online archives, dedicated to Persian music along with 24/7 Live Radio.</description>
    <disclaimer lang="en_GB">This plugin is not endorsed by Simplenote LLC</disclaimer>
    <platform>all</platform>
    <language>en</language>
    <license>GNU GENERAL PUBLIC LICENSE. Version 2, June 1991</license>
    <forum></forum>
    <website>https://www.Simplenote.com</website>
    <email>amirrammari@gmail.com</email>
    <source>https://github.com/amirrammari/kodi-repo-plugins/tree/master/plugin.program.simplenote</source>
	<news>Fix Bugs</news>
    <assets>
      <icon>resources/icon.png</icon>
			<fanart>resources/fanart.jpg</fanart>
			<screenshot>resources/screenshot-01.jpg</screenshot>
			<screenshot>resources/screenshot-02.jpg</screenshot>
			<screenshot>resources/screenshot-03.jpg</screenshot>
		</assets>
	</extension>
</addon>
